--
-- PostgreSQL database dump
--

\restrict TIrviLslGYndGJbK4osZfQfOifUfedecm7bwE0WeoyryBkC52SdGof6kOKZ3QW5

-- Dumped from database version 14.22 (Debian 14.22-1.pgdg13+1)
-- Dumped by pg_dump version 17.9 (Debian 17.9-0+deb13u1)

SET statement_timeout = 0;
SET lock_timeout = 0;
SET idle_in_transaction_session_timeout = 0;
SET transaction_timeout = 0;
SET client_encoding = 'UTF8';
SET standard_conforming_strings = on;
SELECT pg_catalog.set_config('search_path', '', false);
SET check_function_bodies = false;
SET xmloption = content;
SET client_min_messages = warning;
SET row_security = off;

--
-- Name: public; Type: SCHEMA; Schema: -; Owner: usuario_calidad
--

-- *not* creating schema, since initdb creates it


ALTER SCHEMA public OWNER TO usuario_calidad;

SET default_tablespace = '';

SET default_table_access_method = heap;

--
-- Name: accounts_usuario; Type: TABLE; Schema: public; Owner: usuario_calidad
--

CREATE TABLE public.accounts_usuario (
    id bigint NOT NULL,
    password character varying(128) NOT NULL,
    last_login timestamp with time zone,
    is_superuser boolean NOT NULL,
    username character varying(150) NOT NULL,
    first_name character varying(150) NOT NULL,
    last_name character varying(150) NOT NULL,
    email character varying(254) NOT NULL,
    is_staff boolean NOT NULL,
    is_active boolean NOT NULL,
    date_joined timestamp with time zone NOT NULL,
    rol character varying(20) NOT NULL,
    area character varying(100) NOT NULL,
    telefono character varying(30) NOT NULL
);


ALTER TABLE public.accounts_usuario OWNER TO usuario_calidad;

--
-- Name: accounts_usuario_groups; Type: TABLE; Schema: public; Owner: usuario_calidad
--

CREATE TABLE public.accounts_usuario_groups (
    id bigint NOT NULL,
    usuario_id bigint NOT NULL,
    group_id integer NOT NULL
);


ALTER TABLE public.accounts_usuario_groups OWNER TO usuario_calidad;

--
-- Name: accounts_usuario_groups_id_seq; Type: SEQUENCE; Schema: public; Owner: usuario_calidad
--

ALTER TABLE public.accounts_usuario_groups ALTER COLUMN id ADD GENERATED BY DEFAULT AS IDENTITY (
    SEQUENCE NAME public.accounts_usuario_groups_id_seq
    START WITH 1
    INCREMENT BY 1
    NO MINVALUE
    NO MAXVALUE
    CACHE 1
);


--
-- Name: accounts_usuario_id_seq; Type: SEQUENCE; Schema: public; Owner: usuario_calidad
--

ALTER TABLE public.accounts_usuario ALTER COLUMN id ADD GENERATED BY DEFAULT AS IDENTITY (
    SEQUENCE NAME public.accounts_usuario_id_seq
    START WITH 1
    INCREMENT BY 1
    NO MINVALUE
    NO MAXVALUE
    CACHE 1
);


--
-- Name: accounts_usuario_user_permissions; Type: TABLE; Schema: public; Owner: usuario_calidad
--

CREATE TABLE public.accounts_usuario_user_permissions (
    id bigint NOT NULL,
    usuario_id bigint NOT NULL,
    permission_id integer NOT NULL
);


ALTER TABLE public.accounts_usuario_user_permissions OWNER TO usuario_calidad;

--
-- Name: accounts_usuario_user_permissions_id_seq; Type: SEQUENCE; Schema: public; Owner: usuario_calidad
--

ALTER TABLE public.accounts_usuario_user_permissions ALTER COLUMN id ADD GENERATED BY DEFAULT AS IDENTITY (
    SEQUENCE NAME public.accounts_usuario_user_permissions_id_seq
    START WITH 1
    INCREMENT BY 1
    NO MINVALUE
    NO MAXVALUE
    CACHE 1
);


--
-- Name: auth_group; Type: TABLE; Schema: public; Owner: usuario_calidad
--

CREATE TABLE public.auth_group (
    id integer NOT NULL,
    name character varying(150) NOT NULL
);


ALTER TABLE public.auth_group OWNER TO usuario_calidad;

--
-- Name: auth_group_id_seq; Type: SEQUENCE; Schema: public; Owner: usuario_calidad
--

ALTER TABLE public.auth_group ALTER COLUMN id ADD GENERATED BY DEFAULT AS IDENTITY (
    SEQUENCE NAME public.auth_group_id_seq
    START WITH 1
    INCREMENT BY 1
    NO MINVALUE
    NO MAXVALUE
    CACHE 1
);


--
-- Name: auth_group_permissions; Type: TABLE; Schema: public; Owner: usuario_calidad
--

CREATE TABLE public.auth_group_permissions (
    id bigint NOT NULL,
    group_id integer NOT NULL,
    permission_id integer NOT NULL
);


ALTER TABLE public.auth_group_permissions OWNER TO usuario_calidad;

--
-- Name: auth_group_permissions_id_seq; Type: SEQUENCE; Schema: public; Owner: usuario_calidad
--

ALTER TABLE public.auth_group_permissions ALTER COLUMN id ADD GENERATED BY DEFAULT AS IDENTITY (
    SEQUENCE NAME public.auth_group_permissions_id_seq
    START WITH 1
    INCREMENT BY 1
    NO MINVALUE
    NO MAXVALUE
    CACHE 1
);


--
-- Name: auth_permission; Type: TABLE; Schema: public; Owner: usuario_calidad
--

CREATE TABLE public.auth_permission (
    id integer NOT NULL,
    name character varying(255) NOT NULL,
    content_type_id integer NOT NULL,
    codename character varying(100) NOT NULL
);


ALTER TABLE public.auth_permission OWNER TO usuario_calidad;

--
-- Name: auth_permission_id_seq; Type: SEQUENCE; Schema: public; Owner: usuario_calidad
--

ALTER TABLE public.auth_permission ALTER COLUMN id ADD GENERATED BY DEFAULT AS IDENTITY (
    SEQUENCE NAME public.auth_permission_id_seq
    START WITH 1
    INCREMENT BY 1
    NO MINVALUE
    NO MAXVALUE
    CACHE 1
);


--
-- Name: backups_registrobackup; Type: TABLE; Schema: public; Owner: usuario_calidad
--

CREATE TABLE public.backups_registrobackup (
    id bigint NOT NULL,
    fecha_hora timestamp with time zone NOT NULL,
    tipo character varying(20) NOT NULL,
    estado character varying(20) NOT NULL,
    ruta_archivo character varying(500) NOT NULL,
    "tamaño_mb" double precision,
    mensaje_error text NOT NULL,
    realizado_por_id bigint
);


ALTER TABLE public.backups_registrobackup OWNER TO usuario_calidad;

--
-- Name: backups_registrobackup_id_seq; Type: SEQUENCE; Schema: public; Owner: usuario_calidad
--

ALTER TABLE public.backups_registrobackup ALTER COLUMN id ADD GENERATED BY DEFAULT AS IDENTITY (
    SEQUENCE NAME public.backups_registrobackup_id_seq
    START WITH 1
    INCREMENT BY 1
    NO MINVALUE
    NO MAXVALUE
    CACHE 1
);


--
-- Name: core_sector; Type: TABLE; Schema: public; Owner: usuario_calidad
--

CREATE TABLE public.core_sector (
    id bigint NOT NULL,
    nombre character varying(100) NOT NULL,
    activo boolean NOT NULL
);


ALTER TABLE public.core_sector OWNER TO usuario_calidad;

--
-- Name: core_sector_id_seq; Type: SEQUENCE; Schema: public; Owner: usuario_calidad
--

ALTER TABLE public.core_sector ALTER COLUMN id ADD GENERATED BY DEFAULT AS IDENTITY (
    SEQUENCE NAME public.core_sector_id_seq
    START WITH 1
    INCREMENT BY 1
    NO MINVALUE
    NO MAXVALUE
    CACHE 1
);


--
-- Name: django_admin_log; Type: TABLE; Schema: public; Owner: usuario_calidad
--

CREATE TABLE public.django_admin_log (
    id integer NOT NULL,
    action_time timestamp with time zone NOT NULL,
    object_id text,
    object_repr character varying(200) NOT NULL,
    action_flag smallint NOT NULL,
    change_message text NOT NULL,
    content_type_id integer,
    user_id bigint NOT NULL,
    CONSTRAINT django_admin_log_action_flag_check CHECK ((action_flag >= 0))
);


ALTER TABLE public.django_admin_log OWNER TO usuario_calidad;

--
-- Name: django_admin_log_id_seq; Type: SEQUENCE; Schema: public; Owner: usuario_calidad
--

ALTER TABLE public.django_admin_log ALTER COLUMN id ADD GENERATED BY DEFAULT AS IDENTITY (
    SEQUENCE NAME public.django_admin_log_id_seq
    START WITH 1
    INCREMENT BY 1
    NO MINVALUE
    NO MAXVALUE
    CACHE 1
);


--
-- Name: django_content_type; Type: TABLE; Schema: public; Owner: usuario_calidad
--

CREATE TABLE public.django_content_type (
    id integer NOT NULL,
    app_label character varying(100) NOT NULL,
    model character varying(100) NOT NULL
);


ALTER TABLE public.django_content_type OWNER TO usuario_calidad;

--
-- Name: django_content_type_id_seq; Type: SEQUENCE; Schema: public; Owner: usuario_calidad
--

ALTER TABLE public.django_content_type ALTER COLUMN id ADD GENERATED BY DEFAULT AS IDENTITY (
    SEQUENCE NAME public.django_content_type_id_seq
    START WITH 1
    INCREMENT BY 1
    NO MINVALUE
    NO MAXVALUE
    CACHE 1
);


--
-- Name: django_migrations; Type: TABLE; Schema: public; Owner: usuario_calidad
--

CREATE TABLE public.django_migrations (
    id bigint NOT NULL,
    app character varying(255) NOT NULL,
    name character varying(255) NOT NULL,
    applied timestamp with time zone NOT NULL
);


ALTER TABLE public.django_migrations OWNER TO usuario_calidad;

--
-- Name: django_migrations_id_seq; Type: SEQUENCE; Schema: public; Owner: usuario_calidad
--

ALTER TABLE public.django_migrations ALTER COLUMN id ADD GENERATED BY DEFAULT AS IDENTITY (
    SEQUENCE NAME public.django_migrations_id_seq
    START WITH 1
    INCREMENT BY 1
    NO MINVALUE
    NO MAXVALUE
    CACHE 1
);


--
-- Name: django_session; Type: TABLE; Schema: public; Owner: usuario_calidad
--

CREATE TABLE public.django_session (
    session_key character varying(40) NOT NULL,
    session_data text NOT NULL,
    expire_date timestamp with time zone NOT NULL
);


ALTER TABLE public.django_session OWNER TO usuario_calidad;

--
-- Name: nc_adjuntonc; Type: TABLE; Schema: public; Owner: usuario_calidad
--

CREATE TABLE public.nc_adjuntonc (
    id bigint NOT NULL,
    archivo character varying(100) NOT NULL,
    nombre character varying(255) NOT NULL,
    subido_en timestamp with time zone NOT NULL,
    subido_por_id bigint,
    nc_id bigint NOT NULL
);


ALTER TABLE public.nc_adjuntonc OWNER TO usuario_calidad;

--
-- Name: nc_adjuntonc_id_seq; Type: SEQUENCE; Schema: public; Owner: usuario_calidad
--

ALTER TABLE public.nc_adjuntonc ALTER COLUMN id ADD GENERATED BY DEFAULT AS IDENTITY (
    SEQUENCE NAME public.nc_adjuntonc_id_seq
    START WITH 1
    INCREMENT BY 1
    NO MINVALUE
    NO MAXVALUE
    CACHE 1
);


--
-- Name: nc_cincoporques; Type: TABLE; Schema: public; Owner: usuario_calidad
--

CREATE TABLE public.nc_cincoporques (
    id bigint NOT NULL,
    creado_en timestamp with time zone NOT NULL,
    actualizado_en timestamp with time zone NOT NULL,
    eliminado boolean NOT NULL,
    etapa_1 text NOT NULL,
    etapa_2 text NOT NULL,
    etapa_3 text NOT NULL,
    etapa_4 text NOT NULL,
    etapa_5 text NOT NULL,
    causa_raiz text NOT NULL,
    accion_correctiva text NOT NULL,
    completo boolean NOT NULL,
    actualizado_por_id bigint,
    creado_por_id bigint,
    nc_id bigint NOT NULL
);


ALTER TABLE public.nc_cincoporques OWNER TO usuario_calidad;

--
-- Name: nc_cincoporques_id_seq; Type: SEQUENCE; Schema: public; Owner: usuario_calidad
--

ALTER TABLE public.nc_cincoporques ALTER COLUMN id ADD GENERATED BY DEFAULT AS IDENTITY (
    SEQUENCE NAME public.nc_cincoporques_id_seq
    START WITH 1
    INCREMENT BY 1
    NO MINVALUE
    NO MAXVALUE
    CACHE 1
);


--
-- Name: nc_noconformidad; Type: TABLE; Schema: public; Owner: usuario_calidad
--

CREATE TABLE public.nc_noconformidad (
    id bigint NOT NULL,
    creado_en timestamp with time zone NOT NULL,
    actualizado_en timestamp with time zone NOT NULL,
    eliminado boolean NOT NULL,
    folio character varying(20) NOT NULL,
    fecha date NOT NULL,
    id_muestra_lote character varying(100) NOT NULL,
    parametro_afectado character varying(100) NOT NULL,
    descripcion text NOT NULL,
    prioridad character varying(10) NOT NULL,
    clasificacion character varying(30) NOT NULL,
    estado character varying(20) NOT NULL,
    probabilidad smallint,
    impacto smallint,
    actualizado_por_id bigint,
    creado_por_id bigint,
    responsable_id bigint NOT NULL,
    contaminacion_cruzada boolean NOT NULL,
    descripcion_correccion text NOT NULL,
    eficacia character varying(10) NOT NULL,
    email_cliente character varying(254) NOT NULL,
    evidencia text NOT NULL,
    nc_origen_id bigint,
    notificar_cliente boolean NOT NULL,
    obs_contaminacion text NOT NULL,
    om_relacionada_id bigint,
    origen character varying(10) NOT NULL,
    qr_relacionada_id bigint,
    tipo_contaminacion character varying(10) NOT NULL,
    sector_id bigint,
    CONSTRAINT nc_noconformidad_impacto_check CHECK ((impacto >= 0)),
    CONSTRAINT nc_noconformidad_probabilidad_check CHECK ((probabilidad >= 0))
);


ALTER TABLE public.nc_noconformidad OWNER TO usuario_calidad;

--
-- Name: nc_noconformidad_id_seq; Type: SEQUENCE; Schema: public; Owner: usuario_calidad
--

ALTER TABLE public.nc_noconformidad ALTER COLUMN id ADD GENERATED BY DEFAULT AS IDENTITY (
    SEQUENCE NAME public.nc_noconformidad_id_seq
    START WITH 1
    INCREMENT BY 1
    NO MINVALUE
    NO MAXVALUE
    CACHE 1
);


--
-- Name: notificaciones_notificacion; Type: TABLE; Schema: public; Owner: usuario_calidad
--

CREATE TABLE public.notificaciones_notificacion (
    id bigint NOT NULL,
    tipo character varying(30) NOT NULL,
    titulo character varying(200) NOT NULL,
    mensaje text NOT NULL,
    leida boolean NOT NULL,
    creada_en timestamp with time zone NOT NULL,
    leida_en timestamp with time zone,
    url_destino character varying(500) NOT NULL,
    usuario_id bigint NOT NULL
);


ALTER TABLE public.notificaciones_notificacion OWNER TO usuario_calidad;

--
-- Name: notificaciones_notificacion_id_seq; Type: SEQUENCE; Schema: public; Owner: usuario_calidad
--

ALTER TABLE public.notificaciones_notificacion ALTER COLUMN id ADD GENERATED BY DEFAULT AS IDENTITY (
    SEQUENCE NAME public.notificaciones_notificacion_id_seq
    START WITH 1
    INCREMENT BY 1
    NO MINVALUE
    NO MAXVALUE
    CACHE 1
);


--
-- Name: om_adjuntoom; Type: TABLE; Schema: public; Owner: usuario_calidad
--

CREATE TABLE public.om_adjuntoom (
    id bigint NOT NULL,
    archivo character varying(100) NOT NULL,
    nombre character varying(255) NOT NULL,
    subido_en timestamp with time zone NOT NULL,
    subido_por_id bigint,
    om_id bigint NOT NULL
);


ALTER TABLE public.om_adjuntoom OWNER TO usuario_calidad;

--
-- Name: om_adjuntoom_id_seq; Type: SEQUENCE; Schema: public; Owner: usuario_calidad
--

ALTER TABLE public.om_adjuntoom ALTER COLUMN id ADD GENERATED BY DEFAULT AS IDENTITY (
    SEQUENCE NAME public.om_adjuntoom_id_seq
    START WITH 1
    INCREMENT BY 1
    NO MINVALUE
    NO MAXVALUE
    CACHE 1
);


--
-- Name: om_oportunidadmejora; Type: TABLE; Schema: public; Owner: usuario_calidad
--

CREATE TABLE public.om_oportunidadmejora (
    id bigint NOT NULL,
    creado_en timestamp with time zone NOT NULL,
    actualizado_en timestamp with time zone NOT NULL,
    eliminado boolean NOT NULL,
    folio character varying(20) NOT NULL,
    fecha date NOT NULL,
    sector_id bigint,
    descripcion text NOT NULL,
    beneficio_potencial character varying(10) NOT NULL,
    clasificacion character varying(30) NOT NULL,
    estado character varying(20) NOT NULL,
    actualizado_por_id bigint,
    creado_por_id bigint,
    responsable_id bigint NOT NULL,
    eficacia character varying(10) NOT NULL,
    evidencia text NOT NULL,
    fecha_evaluacion date,
    fecha_implementacion date,
    om_origen_id bigint,
    problema_a_mejorar text NOT NULL,
    rango_evaluacion character varying(2) NOT NULL,
    seguimiento text NOT NULL
);


ALTER TABLE public.om_oportunidadmejora OWNER TO usuario_calidad;

--
-- Name: om_oportunidadmejora_id_seq; Type: SEQUENCE; Schema: public; Owner: usuario_calidad
--

ALTER TABLE public.om_oportunidadmejora ALTER COLUMN id ADD GENERATED BY DEFAULT AS IDENTITY (
    SEQUENCE NAME public.om_oportunidadmejora_id_seq
    START WITH 1
    INCREMENT BY 1
    NO MINVALUE
    NO MAXVALUE
    CACHE 1
);


--
-- Name: proyectos_proyecto; Type: TABLE; Schema: public; Owner: usuario_calidad
--

CREATE TABLE public.proyectos_proyecto (
    id bigint NOT NULL,
    creado_en timestamp with time zone NOT NULL,
    actualizado_en timestamp with time zone NOT NULL,
    eliminado boolean NOT NULL,
    folio character varying(20) NOT NULL,
    nombre character varying(255) NOT NULL,
    prioridad character varying(10) NOT NULL,
    proveedor character varying(200) NOT NULL,
    fecha_inicio date NOT NULL,
    dias_ejecucion integer NOT NULL,
    estado character varying(15) NOT NULL,
    origen character varying(15) NOT NULL,
    actualizado_por_id bigint,
    creado_por_id bigint,
    nc_id bigint,
    om_id bigint,
    responsable_id bigint NOT NULL,
    sector_id bigint,
    CONSTRAINT proyectos_proyecto_dias_ejecucion_check CHECK ((dias_ejecucion >= 0))
);


ALTER TABLE public.proyectos_proyecto OWNER TO usuario_calidad;

--
-- Name: proyectos_proyecto_id_seq; Type: SEQUENCE; Schema: public; Owner: usuario_calidad
--

ALTER TABLE public.proyectos_proyecto ALTER COLUMN id ADD GENERATED BY DEFAULT AS IDENTITY (
    SEQUENCE NAME public.proyectos_proyecto_id_seq
    START WITH 1
    INCREMENT BY 1
    NO MINVALUE
    NO MAXVALUE
    CACHE 1
);


--
-- Name: proyectos_subtarea; Type: TABLE; Schema: public; Owner: usuario_calidad
--

CREATE TABLE public.proyectos_subtarea (
    id bigint NOT NULL,
    descripcion character varying(500) NOT NULL,
    completada boolean NOT NULL,
    orden smallint NOT NULL,
    completada_en timestamp with time zone,
    completada_por_id bigint,
    proyecto_id bigint NOT NULL,
    CONSTRAINT proyectos_subtarea_orden_check CHECK ((orden >= 0))
);


ALTER TABLE public.proyectos_subtarea OWNER TO usuario_calidad;

--
-- Name: proyectos_subtarea_id_seq; Type: SEQUENCE; Schema: public; Owner: usuario_calidad
--

ALTER TABLE public.proyectos_subtarea ALTER COLUMN id ADD GENERATED BY DEFAULT AS IDENTITY (
    SEQUENCE NAME public.proyectos_subtarea_id_seq
    START WITH 1
    INCREMENT BY 1
    NO MINVALUE
    NO MAXVALUE
    CACHE 1
);


--
-- Name: qr_adjuntoqr; Type: TABLE; Schema: public; Owner: usuario_calidad
--

CREATE TABLE public.qr_adjuntoqr (
    id bigint NOT NULL,
    archivo character varying(100) NOT NULL,
    nombre character varying(255) NOT NULL,
    subido_en timestamp with time zone NOT NULL,
    subido_por_id bigint,
    qr_id bigint NOT NULL
);


ALTER TABLE public.qr_adjuntoqr OWNER TO usuario_calidad;

--
-- Name: qr_adjuntoqr_id_seq; Type: SEQUENCE; Schema: public; Owner: usuario_calidad
--

ALTER TABLE public.qr_adjuntoqr ALTER COLUMN id ADD GENERATED BY DEFAULT AS IDENTITY (
    SEQUENCE NAME public.qr_adjuntoqr_id_seq
    START WITH 1
    INCREMENT BY 1
    NO MINVALUE
    NO MAXVALUE
    CACHE 1
);


--
-- Name: qr_quejareclamo; Type: TABLE; Schema: public; Owner: usuario_calidad
--

CREATE TABLE public.qr_quejareclamo (
    id bigint NOT NULL,
    creado_en timestamp with time zone NOT NULL,
    actualizado_en timestamp with time zone NOT NULL,
    eliminado boolean NOT NULL,
    folio character varying(20) NOT NULL,
    fecha date NOT NULL,
    id_cliente_pedido character varying(100) NOT NULL,
    tipo_reclamo character varying(30) NOT NULL,
    descripcion text NOT NULL,
    prioridad character varying(10) NOT NULL,
    clasificacion character varying(100) NOT NULL,
    estado character varying(20) NOT NULL,
    dias_resolucion integer,
    actualizado_por_id bigint,
    creado_por_id bigint,
    responsable_id bigint NOT NULL,
    acciones_a_tomar text NOT NULL,
    detalle_visita_cliente text NOT NULL,
    envio_mail boolean NOT NULL,
    fecha_cierre date,
    quien_recibe character varying(200) NOT NULL,
    resultado text NOT NULL,
    sector_id bigint,
    CONSTRAINT qr_quejareclamo_dias_resolucion_check CHECK ((dias_resolucion >= 0))
);


ALTER TABLE public.qr_quejareclamo OWNER TO usuario_calidad;

--
-- Name: qr_quejareclamo_id_seq; Type: SEQUENCE; Schema: public; Owner: usuario_calidad
--

ALTER TABLE public.qr_quejareclamo ALTER COLUMN id ADD GENERATED BY DEFAULT AS IDENTITY (
    SEQUENCE NAME public.qr_quejareclamo_id_seq
    START WITH 1
    INCREMENT BY 1
    NO MINVALUE
    NO MAXVALUE
    CACHE 1
);


--
-- Name: verificacion_verificacioneficacia; Type: TABLE; Schema: public; Owner: usuario_calidad
--

CREATE TABLE public.verificacion_verificacioneficacia (
    id bigint NOT NULL,
    creado_en timestamp with time zone NOT NULL,
    actualizado_en timestamp with time zone NOT NULL,
    eliminado boolean NOT NULL,
    fecha_cierre_proyecto date NOT NULL,
    fecha_objetivo date NOT NULL,
    estado character varying(15) NOT NULL,
    fecha_realizada date,
    resultado_descripcion text NOT NULL,
    evidencia character varying(100),
    actualizado_por_id bigint,
    creado_por_id bigint,
    nc_generada_id bigint,
    proyecto_id bigint NOT NULL,
    responsable_id bigint
);


ALTER TABLE public.verificacion_verificacioneficacia OWNER TO usuario_calidad;

--
-- Name: verificacion_verificacioneficacia_id_seq; Type: SEQUENCE; Schema: public; Owner: usuario_calidad
--

ALTER TABLE public.verificacion_verificacioneficacia ALTER COLUMN id ADD GENERATED BY DEFAULT AS IDENTITY (
    SEQUENCE NAME public.verificacion_verificacioneficacia_id_seq
    START WITH 1
    INCREMENT BY 1
    NO MINVALUE
    NO MAXVALUE
    CACHE 1
);


--
-- Data for Name: accounts_usuario; Type: TABLE DATA; Schema: public; Owner: usuario_calidad
--

COPY public.accounts_usuario (id, password, last_login, is_superuser, username, first_name, last_name, email, is_staff, is_active, date_joined, rol, area, telefono) FROM stdin;
5	pbkdf2_sha256$1200000$QfrOyk1UM0DFVfHNP89Nds$wPyl8vgkKUR1wVakm0NDuj1iPgN1E5Df1OSm8pMzPj8=	\N	f	Marcos	Marcos	Nougues	marcosn@edpagro.com.ar	f	t	2026-04-27 18:51:15.058549+00	calidad	IT	
4	pbkdf2_sha256$1200000$3njmBVtZ0cSalTXf1Oe7It$dqLUly8OIyFMW98x6FOdLwsb8z3ahzamjRfHeQCR64U=	2026-04-27 18:54:22.541647+00	f	Federico	Federico	Rodriguez	logistica@edpagro.com.ar	f	t	2026-04-27 17:36:57.984934+00	operario	Logistica	
2	pbkdf2_sha256$1200000$KAXYBLYIK3Uyg3uF1Xpwkx$jDXTwCX2RUqEbXqe9fW+vlK4hnLzFw8Y8e7EGIJryhQ=	2026-04-27 20:23:51.446331+00	f	Dario	Dario	Coronel	darioc@edpagro.com.ar	t	t	2026-04-27 17:34:30.423764+00	admin	IT	1150393067
1	pbkdf2_sha256$1200000$gsOS8VgV63u95cm93axCr8$2B1ZwXrm4OSuDQzcZGues6NAHG+8uo360RM64IsNUd8=	2026-04-27 20:24:42.646515+00	t	IT	Departamento	Sistemas	it@edpagro.com.ar	t	t	2026-04-27 16:28:04.544252+00	admin	IT	
3	pbkdf2_sha256$1200000$l4Mgl8rCcuMbjgJRQbHMyh$Mtgp3S4Ff95clE6bJVjOqLTTGsAAQCLx+egg6PX0SfQ=	2026-04-27 19:28:55.102972+00	f	Natalia	Natalia	Vicente	nataliav@edpagro.com.ar	t	t	2026-04-27 17:35:59.543001+00	admin	Laboratorio	
\.


--
-- Data for Name: accounts_usuario_groups; Type: TABLE DATA; Schema: public; Owner: usuario_calidad
--

COPY public.accounts_usuario_groups (id, usuario_id, group_id) FROM stdin;
8	5	1
11	4	3
27	2	1
29	1	1
33	3	1
\.


--
-- Data for Name: accounts_usuario_user_permissions; Type: TABLE DATA; Schema: public; Owner: usuario_calidad
--

COPY public.accounts_usuario_user_permissions (id, usuario_id, permission_id) FROM stdin;
1	2	29
2	2	30
3	2	31
4	2	32
5	2	41
6	2	42
7	2	43
8	2	44
9	2	49
10	2	50
11	2	51
12	2	52
13	2	57
14	2	58
15	2	59
16	2	60
17	2	61
18	2	62
19	2	63
20	2	64
21	2	65
22	2	66
23	2	67
24	2	68
25	4	32
26	4	64
27	4	68
28	4	41
29	4	44
30	4	52
31	4	60
32	4	29
33	1	29
34	1	30
35	1	31
36	1	32
37	1	41
38	1	42
39	1	43
40	1	44
41	1	49
42	1	50
43	1	51
44	1	52
45	1	57
46	1	58
47	1	59
48	1	60
49	1	61
50	1	62
51	1	63
52	1	64
53	1	65
54	1	66
55	1	67
56	1	68
57	5	32
58	5	64
59	5	68
60	5	44
61	5	52
62	5	60
63	3	29
64	3	30
65	3	31
66	3	32
67	3	41
68	3	42
69	3	43
70	3	44
71	3	49
72	3	50
73	3	51
74	3	52
75	3	57
76	3	58
77	3	59
78	3	60
79	3	61
80	3	62
81	3	63
82	3	64
83	3	65
84	3	66
85	3	67
86	3	68
\.


--
-- Data for Name: auth_group; Type: TABLE DATA; Schema: public; Owner: usuario_calidad
--

COPY public.auth_group (id, name) FROM stdin;
1	Calidad_Admin
2	Gerencia
3	Operadores_Planta
\.


--
-- Data for Name: auth_group_permissions; Type: TABLE DATA; Schema: public; Owner: usuario_calidad
--

COPY public.auth_group_permissions (id, group_id, permission_id) FROM stdin;
\.


--
-- Data for Name: auth_permission; Type: TABLE DATA; Schema: public; Owner: usuario_calidad
--

COPY public.auth_permission (id, name, content_type_id, codename) FROM stdin;
1	Can add log entry	1	add_logentry
2	Can change log entry	1	change_logentry
3	Can delete log entry	1	delete_logentry
4	Can view log entry	1	view_logentry
5	Can add permission	3	add_permission
6	Can change permission	3	change_permission
7	Can delete permission	3	delete_permission
8	Can view permission	3	view_permission
9	Can add group	2	add_group
10	Can change group	2	change_group
11	Can delete group	2	delete_group
12	Can view group	2	view_group
13	Can add content type	4	add_contenttype
14	Can change content type	4	change_contenttype
15	Can delete content type	4	delete_contenttype
16	Can view content type	4	view_contenttype
17	Can add session	5	add_session
18	Can change session	5	change_session
19	Can delete session	5	delete_session
20	Can view session	5	view_session
21	Can add Sector	6	add_sector
22	Can change Sector	6	change_sector
23	Can delete Sector	6	delete_sector
24	Can view Sector	6	view_sector
25	Can add Usuario	7	add_usuario
26	Can change Usuario	7	change_usuario
27	Can delete Usuario	7	delete_usuario
28	Can view Usuario	7	view_usuario
29	Can add No Conformidad	10	add_noconformidad
30	Can change No Conformidad	10	change_noconformidad
31	Can delete No Conformidad	10	delete_noconformidad
32	Can view No Conformidad	10	view_noconformidad
33	Can add 5 Porqués	9	add_cincoporques
34	Can change 5 Porqués	9	change_cincoporques
35	Can delete 5 Porqués	9	delete_cincoporques
36	Can view 5 Porqués	9	view_cincoporques
37	Can add adjunto nc	8	add_adjuntonc
38	Can change adjunto nc	8	change_adjuntonc
39	Can delete adjunto nc	8	delete_adjuntonc
40	Can view adjunto nc	8	view_adjuntonc
41	Can add Queja y Reclamo	12	add_quejareclamo
42	Can change Queja y Reclamo	12	change_quejareclamo
43	Can delete Queja y Reclamo	12	delete_quejareclamo
44	Can view Queja y Reclamo	12	view_quejareclamo
45	Can add adjunto qr	11	add_adjuntoqr
46	Can change adjunto qr	11	change_adjuntoqr
47	Can delete adjunto qr	11	delete_adjuntoqr
48	Can view adjunto qr	11	view_adjuntoqr
49	Can add Oportunidad de Mejora	14	add_oportunidadmejora
50	Can change Oportunidad de Mejora	14	change_oportunidadmejora
51	Can delete Oportunidad de Mejora	14	delete_oportunidadmejora
52	Can view Oportunidad de Mejora	14	view_oportunidadmejora
53	Can add adjunto om	13	add_adjuntoom
54	Can change adjunto om	13	change_adjuntoom
55	Can delete adjunto om	13	delete_adjuntoom
56	Can view adjunto om	13	view_adjuntoom
57	Can add Proyecto	15	add_proyecto
58	Can change Proyecto	15	change_proyecto
59	Can delete Proyecto	15	delete_proyecto
60	Can view Proyecto	15	view_proyecto
61	Can add subtarea	16	add_subtarea
62	Can change subtarea	16	change_subtarea
63	Can delete subtarea	16	delete_subtarea
64	Can view subtarea	16	view_subtarea
65	Can add Verificación de Eficacia	17	add_verificacioneficacia
66	Can change Verificación de Eficacia	17	change_verificacioneficacia
67	Can delete Verificación de Eficacia	17	delete_verificacioneficacia
68	Can view Verificación de Eficacia	17	view_verificacioneficacia
69	Can add Notificación	18	add_notificacion
70	Can change Notificación	18	change_notificacion
71	Can delete Notificación	18	delete_notificacion
72	Can view Notificación	18	view_notificacion
73	Can add Registro de Backup	19	add_registrobackup
74	Can change Registro de Backup	19	change_registrobackup
75	Can delete Registro de Backup	19	delete_registrobackup
76	Can view Registro de Backup	19	view_registrobackup
\.


--
-- Data for Name: backups_registrobackup; Type: TABLE DATA; Schema: public; Owner: usuario_calidad
--

COPY public.backups_registrobackup (id, fecha_hora, tipo, estado, ruta_archivo, "tamaño_mb", mensaje_error, realizado_por_id) FROM stdin;
1	2026-04-27 20:26:01.53973+00	manual	error		\N	Base de datos no encontrada: calidad_db	1
2	2026-04-27 20:26:52.032257+00	manual	error		\N	Base de datos no encontrada: calidad_db	1
3	2026-04-27 20:30:58.086846+00	automatico	error		\N	No se encontro pg_dump en el sistema. Instala cliente de PostgreSQL para generar backups.	\N
4	2026-04-27 20:43:22.33826+00	automatico	exitoso	/app/backups/sgc_backup_20260427_204322.sql	0.07593536376953125		\N
5	2026-04-27 20:46:49.556828+00	manual	exitoso	/app/backups/sgc_backup_20260427_204649.sql	0.07604408264160156		1
6	2026-04-28 05:00:00.033124+00	automatico	en_proceso		\N		\N
\.


--
-- Data for Name: core_sector; Type: TABLE DATA; Schema: public; Owner: usuario_calidad
--

COPY public.core_sector (id, nombre, activo) FROM stdin;
1	Produccion Balanceado	t
2	Produccion Aceitera	t
3	Produccion Cluster	t
4	Acopio	t
5	Mantenimiento	t
6	Administracion	t
7	IT	t
8	Logistica	t
9	Comercial	t
10	Laboratorio	t
\.


--
-- Data for Name: django_admin_log; Type: TABLE DATA; Schema: public; Owner: usuario_calidad
--

COPY public.django_admin_log (id, action_time, object_id, object_repr, action_flag, change_message, content_type_id, user_id) FROM stdin;
\.


--
-- Data for Name: django_content_type; Type: TABLE DATA; Schema: public; Owner: usuario_calidad
--

COPY public.django_content_type (id, app_label, model) FROM stdin;
1	admin	logentry
2	auth	group
3	auth	permission
4	contenttypes	contenttype
5	sessions	session
6	core	sector
7	accounts	usuario
8	nc	adjuntonc
9	nc	cincoporques
10	nc	noconformidad
11	qr	adjuntoqr
12	qr	quejareclamo
13	om	adjuntoom
14	om	oportunidadmejora
15	proyectos	proyecto
16	proyectos	subtarea
17	verificacion	verificacioneficacia
18	notificaciones	notificacion
19	backups	registrobackup
\.


--
-- Data for Name: django_migrations; Type: TABLE DATA; Schema: public; Owner: usuario_calidad
--

COPY public.django_migrations (id, app, name, applied) FROM stdin;
1	contenttypes	0001_initial	2026-04-27 16:26:53.463934+00
2	contenttypes	0002_remove_content_type_name	2026-04-27 16:26:53.482852+00
3	auth	0001_initial	2026-04-27 16:26:53.757639+00
4	auth	0002_alter_permission_name_max_length	2026-04-27 16:26:53.770292+00
5	auth	0003_alter_user_email_max_length	2026-04-27 16:26:53.784215+00
6	auth	0004_alter_user_username_opts	2026-04-27 16:26:53.795286+00
7	auth	0005_alter_user_last_login_null	2026-04-27 16:26:53.807319+00
8	auth	0006_require_contenttypes_0002	2026-04-27 16:26:53.81212+00
9	auth	0007_alter_validators_add_error_messages	2026-04-27 16:26:53.825541+00
10	auth	0008_alter_user_username_max_length	2026-04-27 16:26:53.839093+00
11	auth	0009_alter_user_last_name_max_length	2026-04-27 16:26:53.851268+00
12	auth	0010_alter_group_name_max_length	2026-04-27 16:26:53.864116+00
13	auth	0011_update_proxy_permissions	2026-04-27 16:26:53.879284+00
14	auth	0012_alter_user_first_name_max_length	2026-04-27 16:26:53.891029+00
15	accounts	0001_initial	2026-04-27 16:26:54.231538+00
16	admin	0001_initial	2026-04-27 16:26:54.363528+00
17	admin	0002_logentry_remove_auto_add	2026-04-27 16:26:54.382669+00
18	admin	0003_logentry_add_action_flag_choices	2026-04-27 16:26:54.399222+00
19	backups	0001_initial	2026-04-27 16:26:54.52691+00
20	core	0001_add_sector_fks	2026-04-27 16:26:54.603544+00
21	core	0002_seed_sectores	2026-04-27 16:26:54.655761+00
22	qr	0001_initial	2026-04-27 16:26:54.951746+00
23	om	0001_initial	2026-04-27 16:26:55.257647+00
24	nc	0001_initial	2026-04-27 16:26:55.786571+00
25	nc	0002_noconformidad_contaminacion_cruzada_and_more	2026-04-27 16:26:56.313225+00
26	nc	0003_add_sector_fks	2026-04-27 16:26:56.420833+00
27	notificaciones	0001_initial	2026-04-27 16:26:56.564782+00
28	om	0002_add_sector_fks	2026-04-27 16:26:57.171261+00
29	proyectos	0001_initial	2026-04-27 16:26:57.601906+00
30	proyectos	0002_add_sector_and_origin_links	2026-04-27 16:26:57.685873+00
31	proyectos	0003_backfill_sector	2026-04-27 16:26:57.754286+00
32	qr	0002_add_gestion_fields	2026-04-27 16:26:58.031504+00
33	qr	0003_add_sector_fks	2026-04-27 16:26:58.164899+00
34	sessions	0001_initial	2026-04-27 16:26:58.314803+00
35	verificacion	0001_initial	2026-04-27 16:26:58.554702+00
\.


--
-- Data for Name: django_session; Type: TABLE DATA; Schema: public; Owner: usuario_calidad
--

COPY public.django_session (session_key, session_data, expire_date) FROM stdin;
\.


--
-- Data for Name: nc_adjuntonc; Type: TABLE DATA; Schema: public; Owner: usuario_calidad
--

COPY public.nc_adjuntonc (id, archivo, nombre, subido_en, subido_por_id, nc_id) FROM stdin;
\.


--
-- Data for Name: nc_cincoporques; Type: TABLE DATA; Schema: public; Owner: usuario_calidad
--

COPY public.nc_cincoporques (id, creado_en, actualizado_en, eliminado, etapa_1, etapa_2, etapa_3, etapa_4, etapa_5, causa_raiz, accion_correctiva, completo, actualizado_por_id, creado_por_id, nc_id) FROM stdin;
\.


--
-- Data for Name: nc_noconformidad; Type: TABLE DATA; Schema: public; Owner: usuario_calidad
--

COPY public.nc_noconformidad (id, creado_en, actualizado_en, eliminado, folio, fecha, id_muestra_lote, parametro_afectado, descripcion, prioridad, clasificacion, estado, probabilidad, impacto, actualizado_por_id, creado_por_id, responsable_id, contaminacion_cruzada, descripcion_correccion, eficacia, email_cliente, evidencia, nc_origen_id, notificar_cliente, obs_contaminacion, om_relacionada_id, origen, qr_relacionada_id, tipo_contaminacion, sector_id) FROM stdin;
\.


--
-- Data for Name: notificaciones_notificacion; Type: TABLE DATA; Schema: public; Owner: usuario_calidad
--

COPY public.notificaciones_notificacion (id, tipo, titulo, mensaje, leida, creada_en, leida_en, url_destino, usuario_id) FROM stdin;
\.


--
-- Data for Name: om_adjuntoom; Type: TABLE DATA; Schema: public; Owner: usuario_calidad
--

COPY public.om_adjuntoom (id, archivo, nombre, subido_en, subido_por_id, om_id) FROM stdin;
\.


--
-- Data for Name: om_oportunidadmejora; Type: TABLE DATA; Schema: public; Owner: usuario_calidad
--

COPY public.om_oportunidadmejora (id, creado_en, actualizado_en, eliminado, folio, fecha, sector_id, descripcion, beneficio_potencial, clasificacion, estado, actualizado_por_id, creado_por_id, responsable_id, eficacia, evidencia, fecha_evaluacion, fecha_implementacion, om_origen_id, problema_a_mejorar, rango_evaluacion, seguimiento) FROM stdin;
\.


--
-- Data for Name: proyectos_proyecto; Type: TABLE DATA; Schema: public; Owner: usuario_calidad
--

COPY public.proyectos_proyecto (id, creado_en, actualizado_en, eliminado, folio, nombre, prioridad, proveedor, fecha_inicio, dias_ejecucion, estado, origen, actualizado_por_id, creado_por_id, nc_id, om_id, responsable_id, sector_id) FROM stdin;
\.


--
-- Data for Name: proyectos_subtarea; Type: TABLE DATA; Schema: public; Owner: usuario_calidad
--

COPY public.proyectos_subtarea (id, descripcion, completada, orden, completada_en, completada_por_id, proyecto_id) FROM stdin;
\.


--
-- Data for Name: qr_adjuntoqr; Type: TABLE DATA; Schema: public; Owner: usuario_calidad
--

COPY public.qr_adjuntoqr (id, archivo, nombre, subido_en, subido_por_id, qr_id) FROM stdin;
\.


--
-- Data for Name: qr_quejareclamo; Type: TABLE DATA; Schema: public; Owner: usuario_calidad
--

COPY public.qr_quejareclamo (id, creado_en, actualizado_en, eliminado, folio, fecha, id_cliente_pedido, tipo_reclamo, descripcion, prioridad, clasificacion, estado, dias_resolucion, actualizado_por_id, creado_por_id, responsable_id, acciones_a_tomar, detalle_visita_cliente, envio_mail, fecha_cierre, quien_recibe, resultado, sector_id) FROM stdin;
\.


--
-- Data for Name: verificacion_verificacioneficacia; Type: TABLE DATA; Schema: public; Owner: usuario_calidad
--

COPY public.verificacion_verificacioneficacia (id, creado_en, actualizado_en, eliminado, fecha_cierre_proyecto, fecha_objetivo, estado, fecha_realizada, resultado_descripcion, evidencia, actualizado_por_id, creado_por_id, nc_generada_id, proyecto_id, responsable_id) FROM stdin;
\.


--
-- Name: accounts_usuario_groups_id_seq; Type: SEQUENCE SET; Schema: public; Owner: usuario_calidad
--

SELECT pg_catalog.setval('public.accounts_usuario_groups_id_seq', 33, true);


--
-- Name: accounts_usuario_id_seq; Type: SEQUENCE SET; Schema: public; Owner: usuario_calidad
--

SELECT pg_catalog.setval('public.accounts_usuario_id_seq', 5, true);


--
-- Name: accounts_usuario_user_permissions_id_seq; Type: SEQUENCE SET; Schema: public; Owner: usuario_calidad
--

SELECT pg_catalog.setval('public.accounts_usuario_user_permissions_id_seq', 86, true);


--
-- Name: auth_group_id_seq; Type: SEQUENCE SET; Schema: public; Owner: usuario_calidad
--

SELECT pg_catalog.setval('public.auth_group_id_seq', 3, true);


--
-- Name: auth_group_permissions_id_seq; Type: SEQUENCE SET; Schema: public; Owner: usuario_calidad
--

SELECT pg_catalog.setval('public.auth_group_permissions_id_seq', 1, false);


--
-- Name: auth_permission_id_seq; Type: SEQUENCE SET; Schema: public; Owner: usuario_calidad
--

SELECT pg_catalog.setval('public.auth_permission_id_seq', 76, true);


--
-- Name: backups_registrobackup_id_seq; Type: SEQUENCE SET; Schema: public; Owner: usuario_calidad
--

SELECT pg_catalog.setval('public.backups_registrobackup_id_seq', 6, true);


--
-- Name: core_sector_id_seq; Type: SEQUENCE SET; Schema: public; Owner: usuario_calidad
--

SELECT pg_catalog.setval('public.core_sector_id_seq', 10, true);


--
-- Name: django_admin_log_id_seq; Type: SEQUENCE SET; Schema: public; Owner: usuario_calidad
--

SELECT pg_catalog.setval('public.django_admin_log_id_seq', 1, false);


--
-- Name: django_content_type_id_seq; Type: SEQUENCE SET; Schema: public; Owner: usuario_calidad
--

SELECT pg_catalog.setval('public.django_content_type_id_seq', 19, true);


--
-- Name: django_migrations_id_seq; Type: SEQUENCE SET; Schema: public; Owner: usuario_calidad
--

SELECT pg_catalog.setval('public.django_migrations_id_seq', 35, true);


--
-- Name: nc_adjuntonc_id_seq; Type: SEQUENCE SET; Schema: public; Owner: usuario_calidad
--

SELECT pg_catalog.setval('public.nc_adjuntonc_id_seq', 1, false);


--
-- Name: nc_cincoporques_id_seq; Type: SEQUENCE SET; Schema: public; Owner: usuario_calidad
--

SELECT pg_catalog.setval('public.nc_cincoporques_id_seq', 1, false);


--
-- Name: nc_noconformidad_id_seq; Type: SEQUENCE SET; Schema: public; Owner: usuario_calidad
--

SELECT pg_catalog.setval('public.nc_noconformidad_id_seq', 1, false);


--
-- Name: notificaciones_notificacion_id_seq; Type: SEQUENCE SET; Schema: public; Owner: usuario_calidad
--

SELECT pg_catalog.setval('public.notificaciones_notificacion_id_seq', 1, false);


--
-- Name: om_adjuntoom_id_seq; Type: SEQUENCE SET; Schema: public; Owner: usuario_calidad
--

SELECT pg_catalog.setval('public.om_adjuntoom_id_seq', 1, false);


--
-- Name: om_oportunidadmejora_id_seq; Type: SEQUENCE SET; Schema: public; Owner: usuario_calidad
--

SELECT pg_catalog.setval('public.om_oportunidadmejora_id_seq', 1, false);


--
-- Name: proyectos_proyecto_id_seq; Type: SEQUENCE SET; Schema: public; Owner: usuario_calidad
--

SELECT pg_catalog.setval('public.proyectos_proyecto_id_seq', 1, false);


--
-- Name: proyectos_subtarea_id_seq; Type: SEQUENCE SET; Schema: public; Owner: usuario_calidad
--

SELECT pg_catalog.setval('public.proyectos_subtarea_id_seq', 1, false);


--
-- Name: qr_adjuntoqr_id_seq; Type: SEQUENCE SET; Schema: public; Owner: usuario_calidad
--

SELECT pg_catalog.setval('public.qr_adjuntoqr_id_seq', 1, false);


--
-- Name: qr_quejareclamo_id_seq; Type: SEQUENCE SET; Schema: public; Owner: usuario_calidad
--

SELECT pg_catalog.setval('public.qr_quejareclamo_id_seq', 1, false);


--
-- Name: verificacion_verificacioneficacia_id_seq; Type: SEQUENCE SET; Schema: public; Owner: usuario_calidad
--

SELECT pg_catalog.setval('public.verificacion_verificacioneficacia_id_seq', 1, false);


--
-- Name: accounts_usuario_groups accounts_usuario_groups_pkey; Type: CONSTRAINT; Schema: public; Owner: usuario_calidad
--

ALTER TABLE ONLY public.accounts_usuario_groups
    ADD CONSTRAINT accounts_usuario_groups_pkey PRIMARY KEY (id);


--
-- Name: accounts_usuario_groups accounts_usuario_groups_usuario_id_group_id_90f476d3_uniq; Type: CONSTRAINT; Schema: public; Owner: usuario_calidad
--

ALTER TABLE ONLY public.accounts_usuario_groups
    ADD CONSTRAINT accounts_usuario_groups_usuario_id_group_id_90f476d3_uniq UNIQUE (usuario_id, group_id);


--
-- Name: accounts_usuario accounts_usuario_pkey; Type: CONSTRAINT; Schema: public; Owner: usuario_calidad
--

ALTER TABLE ONLY public.accounts_usuario
    ADD CONSTRAINT accounts_usuario_pkey PRIMARY KEY (id);


--
-- Name: accounts_usuario_user_permissions accounts_usuario_user_pe_usuario_id_permission_id_0065a2ce_uniq; Type: CONSTRAINT; Schema: public; Owner: usuario_calidad
--

ALTER TABLE ONLY public.accounts_usuario_user_permissions
    ADD CONSTRAINT accounts_usuario_user_pe_usuario_id_permission_id_0065a2ce_uniq UNIQUE (usuario_id, permission_id);


--
-- Name: accounts_usuario_user_permissions accounts_usuario_user_permissions_pkey; Type: CONSTRAINT; Schema: public; Owner: usuario_calidad
--

ALTER TABLE ONLY public.accounts_usuario_user_permissions
    ADD CONSTRAINT accounts_usuario_user_permissions_pkey PRIMARY KEY (id);


--
-- Name: accounts_usuario accounts_usuario_username_key; Type: CONSTRAINT; Schema: public; Owner: usuario_calidad
--

ALTER TABLE ONLY public.accounts_usuario
    ADD CONSTRAINT accounts_usuario_username_key UNIQUE (username);


--
-- Name: auth_group auth_group_name_key; Type: CONSTRAINT; Schema: public; Owner: usuario_calidad
--

ALTER TABLE ONLY public.auth_group
    ADD CONSTRAINT auth_group_name_key UNIQUE (name);


--
-- Name: auth_group_permissions auth_group_permissions_group_id_permission_id_0cd325b0_uniq; Type: CONSTRAINT; Schema: public; Owner: usuario_calidad
--

ALTER TABLE ONLY public.auth_group_permissions
    ADD CONSTRAINT auth_group_permissions_group_id_permission_id_0cd325b0_uniq UNIQUE (group_id, permission_id);


--
-- Name: auth_group_permissions auth_group_permissions_pkey; Type: CONSTRAINT; Schema: public; Owner: usuario_calidad
--

ALTER TABLE ONLY public.auth_group_permissions
    ADD CONSTRAINT auth_group_permissions_pkey PRIMARY KEY (id);


--
-- Name: auth_group auth_group_pkey; Type: CONSTRAINT; Schema: public; Owner: usuario_calidad
--

ALTER TABLE ONLY public.auth_group
    ADD CONSTRAINT auth_group_pkey PRIMARY KEY (id);


--
-- Name: auth_permission auth_permission_content_type_id_codename_01ab375a_uniq; Type: CONSTRAINT; Schema: public; Owner: usuario_calidad
--

ALTER TABLE ONLY public.auth_permission
    ADD CONSTRAINT auth_permission_content_type_id_codename_01ab375a_uniq UNIQUE (content_type_id, codename);


--
-- Name: auth_permission auth_permission_pkey; Type: CONSTRAINT; Schema: public; Owner: usuario_calidad
--

ALTER TABLE ONLY public.auth_permission
    ADD CONSTRAINT auth_permission_pkey PRIMARY KEY (id);


--
-- Name: backups_registrobackup backups_registrobackup_pkey; Type: CONSTRAINT; Schema: public; Owner: usuario_calidad
--

ALTER TABLE ONLY public.backups_registrobackup
    ADD CONSTRAINT backups_registrobackup_pkey PRIMARY KEY (id);


--
-- Name: core_sector core_sector_nombre_key; Type: CONSTRAINT; Schema: public; Owner: usuario_calidad
--

ALTER TABLE ONLY public.core_sector
    ADD CONSTRAINT core_sector_nombre_key UNIQUE (nombre);


--
-- Name: core_sector core_sector_pkey; Type: CONSTRAINT; Schema: public; Owner: usuario_calidad
--

ALTER TABLE ONLY public.core_sector
    ADD CONSTRAINT core_sector_pkey PRIMARY KEY (id);


--
-- Name: django_admin_log django_admin_log_pkey; Type: CONSTRAINT; Schema: public; Owner: usuario_calidad
--

ALTER TABLE ONLY public.django_admin_log
    ADD CONSTRAINT django_admin_log_pkey PRIMARY KEY (id);


--
-- Name: django_content_type django_content_type_app_label_model_76bd3d3b_uniq; Type: CONSTRAINT; Schema: public; Owner: usuario_calidad
--

ALTER TABLE ONLY public.django_content_type
    ADD CONSTRAINT django_content_type_app_label_model_76bd3d3b_uniq UNIQUE (app_label, model);


--
-- Name: django_content_type django_content_type_pkey; Type: CONSTRAINT; Schema: public; Owner: usuario_calidad
--

ALTER TABLE ONLY public.django_content_type
    ADD CONSTRAINT django_content_type_pkey PRIMARY KEY (id);


--
-- Name: django_migrations django_migrations_pkey; Type: CONSTRAINT; Schema: public; Owner: usuario_calidad
--

ALTER TABLE ONLY public.django_migrations
    ADD CONSTRAINT django_migrations_pkey PRIMARY KEY (id);


--
-- Name: django_session django_session_pkey; Type: CONSTRAINT; Schema: public; Owner: usuario_calidad
--

ALTER TABLE ONLY public.django_session
    ADD CONSTRAINT django_session_pkey PRIMARY KEY (session_key);


--
-- Name: nc_adjuntonc nc_adjuntonc_pkey; Type: CONSTRAINT; Schema: public; Owner: usuario_calidad
--

ALTER TABLE ONLY public.nc_adjuntonc
    ADD CONSTRAINT nc_adjuntonc_pkey PRIMARY KEY (id);


--
-- Name: nc_cincoporques nc_cincoporques_nc_id_key; Type: CONSTRAINT; Schema: public; Owner: usuario_calidad
--

ALTER TABLE ONLY public.nc_cincoporques
    ADD CONSTRAINT nc_cincoporques_nc_id_key UNIQUE (nc_id);


--
-- Name: nc_cincoporques nc_cincoporques_pkey; Type: CONSTRAINT; Schema: public; Owner: usuario_calidad
--

ALTER TABLE ONLY public.nc_cincoporques
    ADD CONSTRAINT nc_cincoporques_pkey PRIMARY KEY (id);


--
-- Name: nc_noconformidad nc_noconformidad_folio_key; Type: CONSTRAINT; Schema: public; Owner: usuario_calidad
--

ALTER TABLE ONLY public.nc_noconformidad
    ADD CONSTRAINT nc_noconformidad_folio_key UNIQUE (folio);


--
-- Name: nc_noconformidad nc_noconformidad_pkey; Type: CONSTRAINT; Schema: public; Owner: usuario_calidad
--

ALTER TABLE ONLY public.nc_noconformidad
    ADD CONSTRAINT nc_noconformidad_pkey PRIMARY KEY (id);


--
-- Name: notificaciones_notificacion notificaciones_notificacion_pkey; Type: CONSTRAINT; Schema: public; Owner: usuario_calidad
--

ALTER TABLE ONLY public.notificaciones_notificacion
    ADD CONSTRAINT notificaciones_notificacion_pkey PRIMARY KEY (id);


--
-- Name: om_adjuntoom om_adjuntoom_pkey; Type: CONSTRAINT; Schema: public; Owner: usuario_calidad
--

ALTER TABLE ONLY public.om_adjuntoom
    ADD CONSTRAINT om_adjuntoom_pkey PRIMARY KEY (id);


--
-- Name: om_oportunidadmejora om_oportunidadmejora_folio_key; Type: CONSTRAINT; Schema: public; Owner: usuario_calidad
--

ALTER TABLE ONLY public.om_oportunidadmejora
    ADD CONSTRAINT om_oportunidadmejora_folio_key UNIQUE (folio);


--
-- Name: om_oportunidadmejora om_oportunidadmejora_pkey; Type: CONSTRAINT; Schema: public; Owner: usuario_calidad
--

ALTER TABLE ONLY public.om_oportunidadmejora
    ADD CONSTRAINT om_oportunidadmejora_pkey PRIMARY KEY (id);


--
-- Name: proyectos_proyecto proyectos_proyecto_folio_key; Type: CONSTRAINT; Schema: public; Owner: usuario_calidad
--

ALTER TABLE ONLY public.proyectos_proyecto
    ADD CONSTRAINT proyectos_proyecto_folio_key UNIQUE (folio);


--
-- Name: proyectos_proyecto proyectos_proyecto_nc_id_key; Type: CONSTRAINT; Schema: public; Owner: usuario_calidad
--

ALTER TABLE ONLY public.proyectos_proyecto
    ADD CONSTRAINT proyectos_proyecto_nc_id_key UNIQUE (nc_id);


--
-- Name: proyectos_proyecto proyectos_proyecto_pkey; Type: CONSTRAINT; Schema: public; Owner: usuario_calidad
--

ALTER TABLE ONLY public.proyectos_proyecto
    ADD CONSTRAINT proyectos_proyecto_pkey PRIMARY KEY (id);


--
-- Name: proyectos_subtarea proyectos_subtarea_pkey; Type: CONSTRAINT; Schema: public; Owner: usuario_calidad
--

ALTER TABLE ONLY public.proyectos_subtarea
    ADD CONSTRAINT proyectos_subtarea_pkey PRIMARY KEY (id);


--
-- Name: qr_adjuntoqr qr_adjuntoqr_pkey; Type: CONSTRAINT; Schema: public; Owner: usuario_calidad
--

ALTER TABLE ONLY public.qr_adjuntoqr
    ADD CONSTRAINT qr_adjuntoqr_pkey PRIMARY KEY (id);


--
-- Name: qr_quejareclamo qr_quejareclamo_folio_key; Type: CONSTRAINT; Schema: public; Owner: usuario_calidad
--

ALTER TABLE ONLY public.qr_quejareclamo
    ADD CONSTRAINT qr_quejareclamo_folio_key UNIQUE (folio);


--
-- Name: qr_quejareclamo qr_quejareclamo_pkey; Type: CONSTRAINT; Schema: public; Owner: usuario_calidad
--

ALTER TABLE ONLY public.qr_quejareclamo
    ADD CONSTRAINT qr_quejareclamo_pkey PRIMARY KEY (id);


--
-- Name: verificacion_verificacioneficacia verificacion_verificacioneficacia_pkey; Type: CONSTRAINT; Schema: public; Owner: usuario_calidad
--

ALTER TABLE ONLY public.verificacion_verificacioneficacia
    ADD CONSTRAINT verificacion_verificacioneficacia_pkey PRIMARY KEY (id);


--
-- Name: verificacion_verificacioneficacia verificacion_verificacioneficacia_proyecto_id_key; Type: CONSTRAINT; Schema: public; Owner: usuario_calidad
--

ALTER TABLE ONLY public.verificacion_verificacioneficacia
    ADD CONSTRAINT verificacion_verificacioneficacia_proyecto_id_key UNIQUE (proyecto_id);


--
-- Name: accounts_usuario_groups_group_id_81d91a41; Type: INDEX; Schema: public; Owner: usuario_calidad
--

CREATE INDEX accounts_usuario_groups_group_id_81d91a41 ON public.accounts_usuario_groups USING btree (group_id);


--
-- Name: accounts_usuario_groups_usuario_id_8eb16911; Type: INDEX; Schema: public; Owner: usuario_calidad
--

CREATE INDEX accounts_usuario_groups_usuario_id_8eb16911 ON public.accounts_usuario_groups USING btree (usuario_id);


--
-- Name: accounts_usuario_user_permissions_permission_id_3de42c14; Type: INDEX; Schema: public; Owner: usuario_calidad
--

CREATE INDEX accounts_usuario_user_permissions_permission_id_3de42c14 ON public.accounts_usuario_user_permissions USING btree (permission_id);


--
-- Name: accounts_usuario_user_permissions_usuario_id_d048ad71; Type: INDEX; Schema: public; Owner: usuario_calidad
--

CREATE INDEX accounts_usuario_user_permissions_usuario_id_d048ad71 ON public.accounts_usuario_user_permissions USING btree (usuario_id);


--
-- Name: accounts_usuario_username_c366c69f_like; Type: INDEX; Schema: public; Owner: usuario_calidad
--

CREATE INDEX accounts_usuario_username_c366c69f_like ON public.accounts_usuario USING btree (username varchar_pattern_ops);


--
-- Name: auth_group_name_a6ea08ec_like; Type: INDEX; Schema: public; Owner: usuario_calidad
--

CREATE INDEX auth_group_name_a6ea08ec_like ON public.auth_group USING btree (name varchar_pattern_ops);


--
-- Name: auth_group_permissions_group_id_b120cbf9; Type: INDEX; Schema: public; Owner: usuario_calidad
--

CREATE INDEX auth_group_permissions_group_id_b120cbf9 ON public.auth_group_permissions USING btree (group_id);


--
-- Name: auth_group_permissions_permission_id_84c5c92e; Type: INDEX; Schema: public; Owner: usuario_calidad
--

CREATE INDEX auth_group_permissions_permission_id_84c5c92e ON public.auth_group_permissions USING btree (permission_id);


--
-- Name: auth_permission_content_type_id_2f476e4b; Type: INDEX; Schema: public; Owner: usuario_calidad
--

CREATE INDEX auth_permission_content_type_id_2f476e4b ON public.auth_permission USING btree (content_type_id);


--
-- Name: backups_registrobackup_realizado_por_id_c4bd338e; Type: INDEX; Schema: public; Owner: usuario_calidad
--

CREATE INDEX backups_registrobackup_realizado_por_id_c4bd338e ON public.backups_registrobackup USING btree (realizado_por_id);


--
-- Name: core_sector_nombre_540102ed_like; Type: INDEX; Schema: public; Owner: usuario_calidad
--

CREATE INDEX core_sector_nombre_540102ed_like ON public.core_sector USING btree (nombre varchar_pattern_ops);


--
-- Name: django_admin_log_content_type_id_c4bce8eb; Type: INDEX; Schema: public; Owner: usuario_calidad
--

CREATE INDEX django_admin_log_content_type_id_c4bce8eb ON public.django_admin_log USING btree (content_type_id);


--
-- Name: django_admin_log_user_id_c564eba6; Type: INDEX; Schema: public; Owner: usuario_calidad
--

CREATE INDEX django_admin_log_user_id_c564eba6 ON public.django_admin_log USING btree (user_id);


--
-- Name: django_session_expire_date_a5c62663; Type: INDEX; Schema: public; Owner: usuario_calidad
--

CREATE INDEX django_session_expire_date_a5c62663 ON public.django_session USING btree (expire_date);


--
-- Name: django_session_session_key_c0390e0f_like; Type: INDEX; Schema: public; Owner: usuario_calidad
--

CREATE INDEX django_session_session_key_c0390e0f_like ON public.django_session USING btree (session_key varchar_pattern_ops);


--
-- Name: nc_adjuntonc_nc_id_a3ab9d20; Type: INDEX; Schema: public; Owner: usuario_calidad
--

CREATE INDEX nc_adjuntonc_nc_id_a3ab9d20 ON public.nc_adjuntonc USING btree (nc_id);


--
-- Name: nc_adjuntonc_subido_por_id_50f379d9; Type: INDEX; Schema: public; Owner: usuario_calidad
--

CREATE INDEX nc_adjuntonc_subido_por_id_50f379d9 ON public.nc_adjuntonc USING btree (subido_por_id);


--
-- Name: nc_cincoporques_actualizado_por_id_87851220; Type: INDEX; Schema: public; Owner: usuario_calidad
--

CREATE INDEX nc_cincoporques_actualizado_por_id_87851220 ON public.nc_cincoporques USING btree (actualizado_por_id);


--
-- Name: nc_cincoporques_creado_por_id_beb956cf; Type: INDEX; Schema: public; Owner: usuario_calidad
--

CREATE INDEX nc_cincoporques_creado_por_id_beb956cf ON public.nc_cincoporques USING btree (creado_por_id);


--
-- Name: nc_noconformidad_actualizado_por_id_5f7b59c1; Type: INDEX; Schema: public; Owner: usuario_calidad
--

CREATE INDEX nc_noconformidad_actualizado_por_id_5f7b59c1 ON public.nc_noconformidad USING btree (actualizado_por_id);


--
-- Name: nc_noconformidad_creado_por_id_7109af70; Type: INDEX; Schema: public; Owner: usuario_calidad
--

CREATE INDEX nc_noconformidad_creado_por_id_7109af70 ON public.nc_noconformidad USING btree (creado_por_id);


--
-- Name: nc_noconformidad_folio_b0bf567a_like; Type: INDEX; Schema: public; Owner: usuario_calidad
--

CREATE INDEX nc_noconformidad_folio_b0bf567a_like ON public.nc_noconformidad USING btree (folio varchar_pattern_ops);


--
-- Name: nc_noconformidad_nc_origen_id_9f643eef; Type: INDEX; Schema: public; Owner: usuario_calidad
--

CREATE INDEX nc_noconformidad_nc_origen_id_9f643eef ON public.nc_noconformidad USING btree (nc_origen_id);


--
-- Name: nc_noconformidad_om_relacionada_id_1c82d42e; Type: INDEX; Schema: public; Owner: usuario_calidad
--

CREATE INDEX nc_noconformidad_om_relacionada_id_1c82d42e ON public.nc_noconformidad USING btree (om_relacionada_id);


--
-- Name: nc_noconformidad_qr_relacionada_id_df7e18e1; Type: INDEX; Schema: public; Owner: usuario_calidad
--

CREATE INDEX nc_noconformidad_qr_relacionada_id_df7e18e1 ON public.nc_noconformidad USING btree (qr_relacionada_id);


--
-- Name: nc_noconformidad_responsable_id_888e3316; Type: INDEX; Schema: public; Owner: usuario_calidad
--

CREATE INDEX nc_noconformidad_responsable_id_888e3316 ON public.nc_noconformidad USING btree (responsable_id);


--
-- Name: nc_noconformidad_sector_id_24aee472; Type: INDEX; Schema: public; Owner: usuario_calidad
--

CREATE INDEX nc_noconformidad_sector_id_24aee472 ON public.nc_noconformidad USING btree (sector_id);


--
-- Name: notificaciones_notificacion_usuario_id_4bc090a3; Type: INDEX; Schema: public; Owner: usuario_calidad
--

CREATE INDEX notificaciones_notificacion_usuario_id_4bc090a3 ON public.notificaciones_notificacion USING btree (usuario_id);


--
-- Name: om_adjuntoom_om_id_629d8a08; Type: INDEX; Schema: public; Owner: usuario_calidad
--

CREATE INDEX om_adjuntoom_om_id_629d8a08 ON public.om_adjuntoom USING btree (om_id);


--
-- Name: om_adjuntoom_subido_por_id_2d80cdf9; Type: INDEX; Schema: public; Owner: usuario_calidad
--

CREATE INDEX om_adjuntoom_subido_por_id_2d80cdf9 ON public.om_adjuntoom USING btree (subido_por_id);


--
-- Name: om_oportunidadmejora_actualizado_por_id_320fd855; Type: INDEX; Schema: public; Owner: usuario_calidad
--

CREATE INDEX om_oportunidadmejora_actualizado_por_id_320fd855 ON public.om_oportunidadmejora USING btree (actualizado_por_id);


--
-- Name: om_oportunidadmejora_creado_por_id_dcdc1341; Type: INDEX; Schema: public; Owner: usuario_calidad
--

CREATE INDEX om_oportunidadmejora_creado_por_id_dcdc1341 ON public.om_oportunidadmejora USING btree (creado_por_id);


--
-- Name: om_oportunidadmejora_folio_4d8a141d_like; Type: INDEX; Schema: public; Owner: usuario_calidad
--

CREATE INDEX om_oportunidadmejora_folio_4d8a141d_like ON public.om_oportunidadmejora USING btree (folio varchar_pattern_ops);


--
-- Name: om_oportunidadmejora_om_origen_id_8a996f60; Type: INDEX; Schema: public; Owner: usuario_calidad
--

CREATE INDEX om_oportunidadmejora_om_origen_id_8a996f60 ON public.om_oportunidadmejora USING btree (om_origen_id);


--
-- Name: om_oportunidadmejora_responsable_id_525d9d26; Type: INDEX; Schema: public; Owner: usuario_calidad
--

CREATE INDEX om_oportunidadmejora_responsable_id_525d9d26 ON public.om_oportunidadmejora USING btree (responsable_id);


--
-- Name: om_oportunidadmejora_sector_id_f148afad; Type: INDEX; Schema: public; Owner: usuario_calidad
--

CREATE INDEX om_oportunidadmejora_sector_id_f148afad ON public.om_oportunidadmejora USING btree (sector_id);


--
-- Name: proyectos_proyecto_actualizado_por_id_f604af72; Type: INDEX; Schema: public; Owner: usuario_calidad
--

CREATE INDEX proyectos_proyecto_actualizado_por_id_f604af72 ON public.proyectos_proyecto USING btree (actualizado_por_id);


--
-- Name: proyectos_proyecto_creado_por_id_87e4fb3b; Type: INDEX; Schema: public; Owner: usuario_calidad
--

CREATE INDEX proyectos_proyecto_creado_por_id_87e4fb3b ON public.proyectos_proyecto USING btree (creado_por_id);


--
-- Name: proyectos_proyecto_folio_976cefe4_like; Type: INDEX; Schema: public; Owner: usuario_calidad
--

CREATE INDEX proyectos_proyecto_folio_976cefe4_like ON public.proyectos_proyecto USING btree (folio varchar_pattern_ops);


--
-- Name: proyectos_proyecto_om_id_152f2904; Type: INDEX; Schema: public; Owner: usuario_calidad
--

CREATE INDEX proyectos_proyecto_om_id_152f2904 ON public.proyectos_proyecto USING btree (om_id);


--
-- Name: proyectos_proyecto_responsable_id_334257e6; Type: INDEX; Schema: public; Owner: usuario_calidad
--

CREATE INDEX proyectos_proyecto_responsable_id_334257e6 ON public.proyectos_proyecto USING btree (responsable_id);


--
-- Name: proyectos_proyecto_sector_id_0aa9ffbd; Type: INDEX; Schema: public; Owner: usuario_calidad
--

CREATE INDEX proyectos_proyecto_sector_id_0aa9ffbd ON public.proyectos_proyecto USING btree (sector_id);


--
-- Name: proyectos_subtarea_completada_por_id_e8926bf6; Type: INDEX; Schema: public; Owner: usuario_calidad
--

CREATE INDEX proyectos_subtarea_completada_por_id_e8926bf6 ON public.proyectos_subtarea USING btree (completada_por_id);


--
-- Name: proyectos_subtarea_proyecto_id_781f97fb; Type: INDEX; Schema: public; Owner: usuario_calidad
--

CREATE INDEX proyectos_subtarea_proyecto_id_781f97fb ON public.proyectos_subtarea USING btree (proyecto_id);


--
-- Name: qr_adjuntoqr_qr_id_4be6ee51; Type: INDEX; Schema: public; Owner: usuario_calidad
--

CREATE INDEX qr_adjuntoqr_qr_id_4be6ee51 ON public.qr_adjuntoqr USING btree (qr_id);


--
-- Name: qr_adjuntoqr_subido_por_id_e7cf7ad8; Type: INDEX; Schema: public; Owner: usuario_calidad
--

CREATE INDEX qr_adjuntoqr_subido_por_id_e7cf7ad8 ON public.qr_adjuntoqr USING btree (subido_por_id);


--
-- Name: qr_quejareclamo_actualizado_por_id_01b951f2; Type: INDEX; Schema: public; Owner: usuario_calidad
--

CREATE INDEX qr_quejareclamo_actualizado_por_id_01b951f2 ON public.qr_quejareclamo USING btree (actualizado_por_id);


--
-- Name: qr_quejareclamo_creado_por_id_e68c384a; Type: INDEX; Schema: public; Owner: usuario_calidad
--

CREATE INDEX qr_quejareclamo_creado_por_id_e68c384a ON public.qr_quejareclamo USING btree (creado_por_id);


--
-- Name: qr_quejareclamo_folio_98fdad78_like; Type: INDEX; Schema: public; Owner: usuario_calidad
--

CREATE INDEX qr_quejareclamo_folio_98fdad78_like ON public.qr_quejareclamo USING btree (folio varchar_pattern_ops);


--
-- Name: qr_quejareclamo_responsable_id_bf34b339; Type: INDEX; Schema: public; Owner: usuario_calidad
--

CREATE INDEX qr_quejareclamo_responsable_id_bf34b339 ON public.qr_quejareclamo USING btree (responsable_id);


--
-- Name: qr_quejareclamo_sector_id_b54be70f; Type: INDEX; Schema: public; Owner: usuario_calidad
--

CREATE INDEX qr_quejareclamo_sector_id_b54be70f ON public.qr_quejareclamo USING btree (sector_id);


--
-- Name: verificacion_verificacioneficacia_actualizado_por_id_3c105663; Type: INDEX; Schema: public; Owner: usuario_calidad
--

CREATE INDEX verificacion_verificacioneficacia_actualizado_por_id_3c105663 ON public.verificacion_verificacioneficacia USING btree (actualizado_por_id);


--
-- Name: verificacion_verificacioneficacia_creado_por_id_b83a4d31; Type: INDEX; Schema: public; Owner: usuario_calidad
--

CREATE INDEX verificacion_verificacioneficacia_creado_por_id_b83a4d31 ON public.verificacion_verificacioneficacia USING btree (creado_por_id);


--
-- Name: verificacion_verificacioneficacia_nc_generada_id_3a63d30d; Type: INDEX; Schema: public; Owner: usuario_calidad
--

CREATE INDEX verificacion_verificacioneficacia_nc_generada_id_3a63d30d ON public.verificacion_verificacioneficacia USING btree (nc_generada_id);


--
-- Name: verificacion_verificacioneficacia_responsable_id_ca955fe0; Type: INDEX; Schema: public; Owner: usuario_calidad
--

CREATE INDEX verificacion_verificacioneficacia_responsable_id_ca955fe0 ON public.verificacion_verificacioneficacia USING btree (responsable_id);


--
-- Name: accounts_usuario_groups accounts_usuario_gro_usuario_id_8eb16911_fk_accounts_; Type: FK CONSTRAINT; Schema: public; Owner: usuario_calidad
--

ALTER TABLE ONLY public.accounts_usuario_groups
    ADD CONSTRAINT accounts_usuario_gro_usuario_id_8eb16911_fk_accounts_ FOREIGN KEY (usuario_id) REFERENCES public.accounts_usuario(id) DEFERRABLE INITIALLY DEFERRED;


--
-- Name: accounts_usuario_groups accounts_usuario_groups_group_id_81d91a41_fk_auth_group_id; Type: FK CONSTRAINT; Schema: public; Owner: usuario_calidad
--

ALTER TABLE ONLY public.accounts_usuario_groups
    ADD CONSTRAINT accounts_usuario_groups_group_id_81d91a41_fk_auth_group_id FOREIGN KEY (group_id) REFERENCES public.auth_group(id) DEFERRABLE INITIALLY DEFERRED;


--
-- Name: accounts_usuario_user_permissions accounts_usuario_use_permission_id_3de42c14_fk_auth_perm; Type: FK CONSTRAINT; Schema: public; Owner: usuario_calidad
--

ALTER TABLE ONLY public.accounts_usuario_user_permissions
    ADD CONSTRAINT accounts_usuario_use_permission_id_3de42c14_fk_auth_perm FOREIGN KEY (permission_id) REFERENCES public.auth_permission(id) DEFERRABLE INITIALLY DEFERRED;


--
-- Name: accounts_usuario_user_permissions accounts_usuario_use_usuario_id_d048ad71_fk_accounts_; Type: FK CONSTRAINT; Schema: public; Owner: usuario_calidad
--

ALTER TABLE ONLY public.accounts_usuario_user_permissions
    ADD CONSTRAINT accounts_usuario_use_usuario_id_d048ad71_fk_accounts_ FOREIGN KEY (usuario_id) REFERENCES public.accounts_usuario(id) DEFERRABLE INITIALLY DEFERRED;


--
-- Name: auth_group_permissions auth_group_permissio_permission_id_84c5c92e_fk_auth_perm; Type: FK CONSTRAINT; Schema: public; Owner: usuario_calidad
--

ALTER TABLE ONLY public.auth_group_permissions
    ADD CONSTRAINT auth_group_permissio_permission_id_84c5c92e_fk_auth_perm FOREIGN KEY (permission_id) REFERENCES public.auth_permission(id) DEFERRABLE INITIALLY DEFERRED;


--
-- Name: auth_group_permissions auth_group_permissions_group_id_b120cbf9_fk_auth_group_id; Type: FK CONSTRAINT; Schema: public; Owner: usuario_calidad
--

ALTER TABLE ONLY public.auth_group_permissions
    ADD CONSTRAINT auth_group_permissions_group_id_b120cbf9_fk_auth_group_id FOREIGN KEY (group_id) REFERENCES public.auth_group(id) DEFERRABLE INITIALLY DEFERRED;


--
-- Name: auth_permission auth_permission_content_type_id_2f476e4b_fk_django_co; Type: FK CONSTRAINT; Schema: public; Owner: usuario_calidad
--

ALTER TABLE ONLY public.auth_permission
    ADD CONSTRAINT auth_permission_content_type_id_2f476e4b_fk_django_co FOREIGN KEY (content_type_id) REFERENCES public.django_content_type(id) DEFERRABLE INITIALLY DEFERRED;


--
-- Name: backups_registrobackup backups_registroback_realizado_por_id_c4bd338e_fk_accounts_; Type: FK CONSTRAINT; Schema: public; Owner: usuario_calidad
--

ALTER TABLE ONLY public.backups_registrobackup
    ADD CONSTRAINT backups_registroback_realizado_por_id_c4bd338e_fk_accounts_ FOREIGN KEY (realizado_por_id) REFERENCES public.accounts_usuario(id) DEFERRABLE INITIALLY DEFERRED;


--
-- Name: django_admin_log django_admin_log_content_type_id_c4bce8eb_fk_django_co; Type: FK CONSTRAINT; Schema: public; Owner: usuario_calidad
--

ALTER TABLE ONLY public.django_admin_log
    ADD CONSTRAINT django_admin_log_content_type_id_c4bce8eb_fk_django_co FOREIGN KEY (content_type_id) REFERENCES public.django_content_type(id) DEFERRABLE INITIALLY DEFERRED;


--
-- Name: django_admin_log django_admin_log_user_id_c564eba6_fk_accounts_usuario_id; Type: FK CONSTRAINT; Schema: public; Owner: usuario_calidad
--

ALTER TABLE ONLY public.django_admin_log
    ADD CONSTRAINT django_admin_log_user_id_c564eba6_fk_accounts_usuario_id FOREIGN KEY (user_id) REFERENCES public.accounts_usuario(id) DEFERRABLE INITIALLY DEFERRED;


--
-- Name: nc_adjuntonc nc_adjuntonc_nc_id_a3ab9d20_fk_nc_noconformidad_id; Type: FK CONSTRAINT; Schema: public; Owner: usuario_calidad
--

ALTER TABLE ONLY public.nc_adjuntonc
    ADD CONSTRAINT nc_adjuntonc_nc_id_a3ab9d20_fk_nc_noconformidad_id FOREIGN KEY (nc_id) REFERENCES public.nc_noconformidad(id) DEFERRABLE INITIALLY DEFERRED;


--
-- Name: nc_adjuntonc nc_adjuntonc_subido_por_id_50f379d9_fk_accounts_usuario_id; Type: FK CONSTRAINT; Schema: public; Owner: usuario_calidad
--

ALTER TABLE ONLY public.nc_adjuntonc
    ADD CONSTRAINT nc_adjuntonc_subido_por_id_50f379d9_fk_accounts_usuario_id FOREIGN KEY (subido_por_id) REFERENCES public.accounts_usuario(id) DEFERRABLE INITIALLY DEFERRED;


--
-- Name: nc_cincoporques nc_cincoporques_actualizado_por_id_87851220_fk_accounts_; Type: FK CONSTRAINT; Schema: public; Owner: usuario_calidad
--

ALTER TABLE ONLY public.nc_cincoporques
    ADD CONSTRAINT nc_cincoporques_actualizado_por_id_87851220_fk_accounts_ FOREIGN KEY (actualizado_por_id) REFERENCES public.accounts_usuario(id) DEFERRABLE INITIALLY DEFERRED;


--
-- Name: nc_cincoporques nc_cincoporques_creado_por_id_beb956cf_fk_accounts_usuario_id; Type: FK CONSTRAINT; Schema: public; Owner: usuario_calidad
--

ALTER TABLE ONLY public.nc_cincoporques
    ADD CONSTRAINT nc_cincoporques_creado_por_id_beb956cf_fk_accounts_usuario_id FOREIGN KEY (creado_por_id) REFERENCES public.accounts_usuario(id) DEFERRABLE INITIALLY DEFERRED;


--
-- Name: nc_cincoporques nc_cincoporques_nc_id_ce0fd26f_fk_nc_noconformidad_id; Type: FK CONSTRAINT; Schema: public; Owner: usuario_calidad
--

ALTER TABLE ONLY public.nc_cincoporques
    ADD CONSTRAINT nc_cincoporques_nc_id_ce0fd26f_fk_nc_noconformidad_id FOREIGN KEY (nc_id) REFERENCES public.nc_noconformidad(id) DEFERRABLE INITIALLY DEFERRED;


--
-- Name: nc_noconformidad nc_noconformidad_actualizado_por_id_5f7b59c1_fk_accounts_; Type: FK CONSTRAINT; Schema: public; Owner: usuario_calidad
--

ALTER TABLE ONLY public.nc_noconformidad
    ADD CONSTRAINT nc_noconformidad_actualizado_por_id_5f7b59c1_fk_accounts_ FOREIGN KEY (actualizado_por_id) REFERENCES public.accounts_usuario(id) DEFERRABLE INITIALLY DEFERRED;


--
-- Name: nc_noconformidad nc_noconformidad_creado_por_id_7109af70_fk_accounts_usuario_id; Type: FK CONSTRAINT; Schema: public; Owner: usuario_calidad
--

ALTER TABLE ONLY public.nc_noconformidad
    ADD CONSTRAINT nc_noconformidad_creado_por_id_7109af70_fk_accounts_usuario_id FOREIGN KEY (creado_por_id) REFERENCES public.accounts_usuario(id) DEFERRABLE INITIALLY DEFERRED;


--
-- Name: nc_noconformidad nc_noconformidad_nc_origen_id_9f643eef_fk_nc_noconformidad_id; Type: FK CONSTRAINT; Schema: public; Owner: usuario_calidad
--

ALTER TABLE ONLY public.nc_noconformidad
    ADD CONSTRAINT nc_noconformidad_nc_origen_id_9f643eef_fk_nc_noconformidad_id FOREIGN KEY (nc_origen_id) REFERENCES public.nc_noconformidad(id) DEFERRABLE INITIALLY DEFERRED;


--
-- Name: nc_noconformidad nc_noconformidad_om_relacionada_id_1c82d42e_fk_om_oportu; Type: FK CONSTRAINT; Schema: public; Owner: usuario_calidad
--

ALTER TABLE ONLY public.nc_noconformidad
    ADD CONSTRAINT nc_noconformidad_om_relacionada_id_1c82d42e_fk_om_oportu FOREIGN KEY (om_relacionada_id) REFERENCES public.om_oportunidadmejora(id) DEFERRABLE INITIALLY DEFERRED;


--
-- Name: nc_noconformidad nc_noconformidad_qr_relacionada_id_df7e18e1_fk_qr_quejar; Type: FK CONSTRAINT; Schema: public; Owner: usuario_calidad
--

ALTER TABLE ONLY public.nc_noconformidad
    ADD CONSTRAINT nc_noconformidad_qr_relacionada_id_df7e18e1_fk_qr_quejar FOREIGN KEY (qr_relacionada_id) REFERENCES public.qr_quejareclamo(id) DEFERRABLE INITIALLY DEFERRED;


--
-- Name: nc_noconformidad nc_noconformidad_responsable_id_888e3316_fk_accounts_usuario_id; Type: FK CONSTRAINT; Schema: public; Owner: usuario_calidad
--

ALTER TABLE ONLY public.nc_noconformidad
    ADD CONSTRAINT nc_noconformidad_responsable_id_888e3316_fk_accounts_usuario_id FOREIGN KEY (responsable_id) REFERENCES public.accounts_usuario(id) DEFERRABLE INITIALLY DEFERRED;


--
-- Name: nc_noconformidad nc_noconformidad_sector_id_24aee472_fk_core_sector_id; Type: FK CONSTRAINT; Schema: public; Owner: usuario_calidad
--

ALTER TABLE ONLY public.nc_noconformidad
    ADD CONSTRAINT nc_noconformidad_sector_id_24aee472_fk_core_sector_id FOREIGN KEY (sector_id) REFERENCES public.core_sector(id) DEFERRABLE INITIALLY DEFERRED;


--
-- Name: notificaciones_notificacion notificaciones_notif_usuario_id_4bc090a3_fk_accounts_; Type: FK CONSTRAINT; Schema: public; Owner: usuario_calidad
--

ALTER TABLE ONLY public.notificaciones_notificacion
    ADD CONSTRAINT notificaciones_notif_usuario_id_4bc090a3_fk_accounts_ FOREIGN KEY (usuario_id) REFERENCES public.accounts_usuario(id) DEFERRABLE INITIALLY DEFERRED;


--
-- Name: om_adjuntoom om_adjuntoom_om_id_629d8a08_fk_om_oportunidadmejora_id; Type: FK CONSTRAINT; Schema: public; Owner: usuario_calidad
--

ALTER TABLE ONLY public.om_adjuntoom
    ADD CONSTRAINT om_adjuntoom_om_id_629d8a08_fk_om_oportunidadmejora_id FOREIGN KEY (om_id) REFERENCES public.om_oportunidadmejora(id) DEFERRABLE INITIALLY DEFERRED;


--
-- Name: om_adjuntoom om_adjuntoom_subido_por_id_2d80cdf9_fk_accounts_usuario_id; Type: FK CONSTRAINT; Schema: public; Owner: usuario_calidad
--

ALTER TABLE ONLY public.om_adjuntoom
    ADD CONSTRAINT om_adjuntoom_subido_por_id_2d80cdf9_fk_accounts_usuario_id FOREIGN KEY (subido_por_id) REFERENCES public.accounts_usuario(id) DEFERRABLE INITIALLY DEFERRED;


--
-- Name: om_oportunidadmejora om_oportunidadmejora_actualizado_por_id_320fd855_fk_accounts_; Type: FK CONSTRAINT; Schema: public; Owner: usuario_calidad
--

ALTER TABLE ONLY public.om_oportunidadmejora
    ADD CONSTRAINT om_oportunidadmejora_actualizado_por_id_320fd855_fk_accounts_ FOREIGN KEY (actualizado_por_id) REFERENCES public.accounts_usuario(id) DEFERRABLE INITIALLY DEFERRED;


--
-- Name: om_oportunidadmejora om_oportunidadmejora_creado_por_id_dcdc1341_fk_accounts_; Type: FK CONSTRAINT; Schema: public; Owner: usuario_calidad
--

ALTER TABLE ONLY public.om_oportunidadmejora
    ADD CONSTRAINT om_oportunidadmejora_creado_por_id_dcdc1341_fk_accounts_ FOREIGN KEY (creado_por_id) REFERENCES public.accounts_usuario(id) DEFERRABLE INITIALLY DEFERRED;


--
-- Name: om_oportunidadmejora om_oportunidadmejora_om_origen_id_8a996f60_fk_om_oportu; Type: FK CONSTRAINT; Schema: public; Owner: usuario_calidad
--

ALTER TABLE ONLY public.om_oportunidadmejora
    ADD CONSTRAINT om_oportunidadmejora_om_origen_id_8a996f60_fk_om_oportu FOREIGN KEY (om_origen_id) REFERENCES public.om_oportunidadmejora(id) DEFERRABLE INITIALLY DEFERRED;


--
-- Name: om_oportunidadmejora om_oportunidadmejora_responsable_id_525d9d26_fk_accounts_; Type: FK CONSTRAINT; Schema: public; Owner: usuario_calidad
--

ALTER TABLE ONLY public.om_oportunidadmejora
    ADD CONSTRAINT om_oportunidadmejora_responsable_id_525d9d26_fk_accounts_ FOREIGN KEY (responsable_id) REFERENCES public.accounts_usuario(id) DEFERRABLE INITIALLY DEFERRED;


--
-- Name: om_oportunidadmejora om_oportunidadmejora_sector_id_f148afad_fk_core_sector_id; Type: FK CONSTRAINT; Schema: public; Owner: usuario_calidad
--

ALTER TABLE ONLY public.om_oportunidadmejora
    ADD CONSTRAINT om_oportunidadmejora_sector_id_f148afad_fk_core_sector_id FOREIGN KEY (sector_id) REFERENCES public.core_sector(id) DEFERRABLE INITIALLY DEFERRED;


--
-- Name: proyectos_proyecto proyectos_proyecto_actualizado_por_id_f604af72_fk_accounts_; Type: FK CONSTRAINT; Schema: public; Owner: usuario_calidad
--

ALTER TABLE ONLY public.proyectos_proyecto
    ADD CONSTRAINT proyectos_proyecto_actualizado_por_id_f604af72_fk_accounts_ FOREIGN KEY (actualizado_por_id) REFERENCES public.accounts_usuario(id) DEFERRABLE INITIALLY DEFERRED;


--
-- Name: proyectos_proyecto proyectos_proyecto_creado_por_id_87e4fb3b_fk_accounts_; Type: FK CONSTRAINT; Schema: public; Owner: usuario_calidad
--

ALTER TABLE ONLY public.proyectos_proyecto
    ADD CONSTRAINT proyectos_proyecto_creado_por_id_87e4fb3b_fk_accounts_ FOREIGN KEY (creado_por_id) REFERENCES public.accounts_usuario(id) DEFERRABLE INITIALLY DEFERRED;


--
-- Name: proyectos_proyecto proyectos_proyecto_nc_id_ea657e9c_fk_nc_noconformidad_id; Type: FK CONSTRAINT; Schema: public; Owner: usuario_calidad
--

ALTER TABLE ONLY public.proyectos_proyecto
    ADD CONSTRAINT proyectos_proyecto_nc_id_ea657e9c_fk_nc_noconformidad_id FOREIGN KEY (nc_id) REFERENCES public.nc_noconformidad(id) DEFERRABLE INITIALLY DEFERRED;


--
-- Name: proyectos_proyecto proyectos_proyecto_om_id_152f2904_fk_om_oportunidadmejora_id; Type: FK CONSTRAINT; Schema: public; Owner: usuario_calidad
--

ALTER TABLE ONLY public.proyectos_proyecto
    ADD CONSTRAINT proyectos_proyecto_om_id_152f2904_fk_om_oportunidadmejora_id FOREIGN KEY (om_id) REFERENCES public.om_oportunidadmejora(id) DEFERRABLE INITIALLY DEFERRED;


--
-- Name: proyectos_proyecto proyectos_proyecto_responsable_id_334257e6_fk_accounts_; Type: FK CONSTRAINT; Schema: public; Owner: usuario_calidad
--

ALTER TABLE ONLY public.proyectos_proyecto
    ADD CONSTRAINT proyectos_proyecto_responsable_id_334257e6_fk_accounts_ FOREIGN KEY (responsable_id) REFERENCES public.accounts_usuario(id) DEFERRABLE INITIALLY DEFERRED;


--
-- Name: proyectos_proyecto proyectos_proyecto_sector_id_0aa9ffbd_fk_core_sector_id; Type: FK CONSTRAINT; Schema: public; Owner: usuario_calidad
--

ALTER TABLE ONLY public.proyectos_proyecto
    ADD CONSTRAINT proyectos_proyecto_sector_id_0aa9ffbd_fk_core_sector_id FOREIGN KEY (sector_id) REFERENCES public.core_sector(id) DEFERRABLE INITIALLY DEFERRED;


--
-- Name: proyectos_subtarea proyectos_subtarea_completada_por_id_e8926bf6_fk_accounts_; Type: FK CONSTRAINT; Schema: public; Owner: usuario_calidad
--

ALTER TABLE ONLY public.proyectos_subtarea
    ADD CONSTRAINT proyectos_subtarea_completada_por_id_e8926bf6_fk_accounts_ FOREIGN KEY (completada_por_id) REFERENCES public.accounts_usuario(id) DEFERRABLE INITIALLY DEFERRED;


--
-- Name: proyectos_subtarea proyectos_subtarea_proyecto_id_781f97fb_fk_proyectos; Type: FK CONSTRAINT; Schema: public; Owner: usuario_calidad
--

ALTER TABLE ONLY public.proyectos_subtarea
    ADD CONSTRAINT proyectos_subtarea_proyecto_id_781f97fb_fk_proyectos FOREIGN KEY (proyecto_id) REFERENCES public.proyectos_proyecto(id) DEFERRABLE INITIALLY DEFERRED;


--
-- Name: qr_adjuntoqr qr_adjuntoqr_qr_id_4be6ee51_fk_qr_quejareclamo_id; Type: FK CONSTRAINT; Schema: public; Owner: usuario_calidad
--

ALTER TABLE ONLY public.qr_adjuntoqr
    ADD CONSTRAINT qr_adjuntoqr_qr_id_4be6ee51_fk_qr_quejareclamo_id FOREIGN KEY (qr_id) REFERENCES public.qr_quejareclamo(id) DEFERRABLE INITIALLY DEFERRED;


--
-- Name: qr_adjuntoqr qr_adjuntoqr_subido_por_id_e7cf7ad8_fk_accounts_usuario_id; Type: FK CONSTRAINT; Schema: public; Owner: usuario_calidad
--

ALTER TABLE ONLY public.qr_adjuntoqr
    ADD CONSTRAINT qr_adjuntoqr_subido_por_id_e7cf7ad8_fk_accounts_usuario_id FOREIGN KEY (subido_por_id) REFERENCES public.accounts_usuario(id) DEFERRABLE INITIALLY DEFERRED;


--
-- Name: qr_quejareclamo qr_quejareclamo_actualizado_por_id_01b951f2_fk_accounts_; Type: FK CONSTRAINT; Schema: public; Owner: usuario_calidad
--

ALTER TABLE ONLY public.qr_quejareclamo
    ADD CONSTRAINT qr_quejareclamo_actualizado_por_id_01b951f2_fk_accounts_ FOREIGN KEY (actualizado_por_id) REFERENCES public.accounts_usuario(id) DEFERRABLE INITIALLY DEFERRED;


--
-- Name: qr_quejareclamo qr_quejareclamo_creado_por_id_e68c384a_fk_accounts_usuario_id; Type: FK CONSTRAINT; Schema: public; Owner: usuario_calidad
--

ALTER TABLE ONLY public.qr_quejareclamo
    ADD CONSTRAINT qr_quejareclamo_creado_por_id_e68c384a_fk_accounts_usuario_id FOREIGN KEY (creado_por_id) REFERENCES public.accounts_usuario(id) DEFERRABLE INITIALLY DEFERRED;


--
-- Name: qr_quejareclamo qr_quejareclamo_responsable_id_bf34b339_fk_accounts_usuario_id; Type: FK CONSTRAINT; Schema: public; Owner: usuario_calidad
--

ALTER TABLE ONLY public.qr_quejareclamo
    ADD CONSTRAINT qr_quejareclamo_responsable_id_bf34b339_fk_accounts_usuario_id FOREIGN KEY (responsable_id) REFERENCES public.accounts_usuario(id) DEFERRABLE INITIALLY DEFERRED;


--
-- Name: qr_quejareclamo qr_quejareclamo_sector_id_b54be70f_fk_core_sector_id; Type: FK CONSTRAINT; Schema: public; Owner: usuario_calidad
--

ALTER TABLE ONLY public.qr_quejareclamo
    ADD CONSTRAINT qr_quejareclamo_sector_id_b54be70f_fk_core_sector_id FOREIGN KEY (sector_id) REFERENCES public.core_sector(id) DEFERRABLE INITIALLY DEFERRED;


--
-- Name: verificacion_verificacioneficacia verificacion_verific_actualizado_por_id_3c105663_fk_accounts_; Type: FK CONSTRAINT; Schema: public; Owner: usuario_calidad
--

ALTER TABLE ONLY public.verificacion_verificacioneficacia
    ADD CONSTRAINT verificacion_verific_actualizado_por_id_3c105663_fk_accounts_ FOREIGN KEY (actualizado_por_id) REFERENCES public.accounts_usuario(id) DEFERRABLE INITIALLY DEFERRED;


--
-- Name: verificacion_verificacioneficacia verificacion_verific_creado_por_id_b83a4d31_fk_accounts_; Type: FK CONSTRAINT; Schema: public; Owner: usuario_calidad
--

ALTER TABLE ONLY public.verificacion_verificacioneficacia
    ADD CONSTRAINT verificacion_verific_creado_por_id_b83a4d31_fk_accounts_ FOREIGN KEY (creado_por_id) REFERENCES public.accounts_usuario(id) DEFERRABLE INITIALLY DEFERRED;


--
-- Name: verificacion_verificacioneficacia verificacion_verific_nc_generada_id_3a63d30d_fk_nc_noconf; Type: FK CONSTRAINT; Schema: public; Owner: usuario_calidad
--

ALTER TABLE ONLY public.verificacion_verificacioneficacia
    ADD CONSTRAINT verificacion_verific_nc_generada_id_3a63d30d_fk_nc_noconf FOREIGN KEY (nc_generada_id) REFERENCES public.nc_noconformidad(id) DEFERRABLE INITIALLY DEFERRED;


--
-- Name: verificacion_verificacioneficacia verificacion_verific_proyecto_id_e373473d_fk_proyectos; Type: FK CONSTRAINT; Schema: public; Owner: usuario_calidad
--

ALTER TABLE ONLY public.verificacion_verificacioneficacia
    ADD CONSTRAINT verificacion_verific_proyecto_id_e373473d_fk_proyectos FOREIGN KEY (proyecto_id) REFERENCES public.proyectos_proyecto(id) DEFERRABLE INITIALLY DEFERRED;


--
-- Name: verificacion_verificacioneficacia verificacion_verific_responsable_id_ca955fe0_fk_accounts_; Type: FK CONSTRAINT; Schema: public; Owner: usuario_calidad
--

ALTER TABLE ONLY public.verificacion_verificacioneficacia
    ADD CONSTRAINT verificacion_verific_responsable_id_ca955fe0_fk_accounts_ FOREIGN KEY (responsable_id) REFERENCES public.accounts_usuario(id) DEFERRABLE INITIALLY DEFERRED;


--
-- Name: SCHEMA public; Type: ACL; Schema: -; Owner: usuario_calidad
--

REVOKE USAGE ON SCHEMA public FROM PUBLIC;
GRANT ALL ON SCHEMA public TO PUBLIC;


--
-- PostgreSQL database dump complete
--

\unrestrict TIrviLslGYndGJbK4osZfQfOifUfedecm7bwE0WeoyryBkC52SdGof6kOKZ3QW5

